{"count":14,"results":[{"id":1,"name":"Un point d\u2019entr\u00e9e","description":"Le point d\u2019entr\u00e9e est une page de login sur un port inconnu entre 1 et 1000 de la machine` ctf-sr2i.rezel.net`","max_attempts":0,"value":50,"category":"Web","type":"standard","state":"visible","requirements":null,"connection_info":null,"next_id":null},{"id":2,"name":"Pas de mot de passe ?","description":"Trouvez le moyen de vous connecter \u00e0 un compte via le formulaire de login.","max_attempts":0,"value":100,"category":"Web","type":"standard","state":"visible","requirements":{"prerequisites":[1],"anonymize":true},"connection_info":null,"next_id":null},{"id":3,"name":"Un flag en base de donn\u00e9es","description":"Un flag se trouve dans la base de donn\u00e9es, \u00e0 vous de le r\u00e9cup\u00e9rer.","max_attempts":0,"value":200,"category":"Web","type":"standard","state":"visible","requirements":{"prerequisites":[1],"anonymize":true},"connection_info":null,"next_id":null},{"id":5,"name":"Remote Code Execution","description":"Il est possible d\u2019ex\u00e9cuter du code sur le serveur gr\u00e2ce \u00e0 votre nouvel acc\u00e8s.","max_attempts":0,"value":75,"category":"Web","type":"standard","state":"visible","requirements":{"prerequisites":[2],"anonymize":true},"connection_info":null,"next_id":null},{"id":6,"name":"Obtenir un shell","description":"Les identifiants de connexion SSH de l\u2019utilisateur se trouvent dans son home directory. \r\n\r\nLe port SSH se trouve sur le port `2222`.","max_attempts":0,"value":100,"category":"Gestion des acc\u00e8s","type":"standard","state":"visible","requirements":{"prerequisites":[5],"anonymize":true},"connection_info":null,"next_id":null},{"id":7,"name":"Don't trust Python","description":"Une \u00e9l\u00e9vation de privil\u00e8ges est possible.","max_attempts":0,"value":150,"category":"Gestion des acc\u00e8s","type":"standard","state":"visible","requirements":{"prerequisites":[6],"anonymize":true},"connection_info":null,"next_id":null},{"id":8,"name":"Crack moi si tu l\u2019oses","description":"Les fonctions de hash sont \u00e0 sens unique, n\u2019est-ce pas ?\r\nL'administrateur  s'appelle jacques.\r\n\r\n*Vous devez construire le flag vous-m\u00eame:\r\nFLAG{xxx} o\u00f9 xxx est le mot de passe avant hachage*","max_attempts":0,"value":75,"category":"Cracking","type":"standard","state":"visible","requirements":{"prerequisites":[7],"anonymize":true},"connection_info":null,"next_id":null},{"id":9,"name":"Acc\u00e8s FTP anonyme","description":"Tout est dans le titre.","max_attempts":0,"value":50,"category":"FTP","type":"standard","state":"visible","requirements":{"prerequisites":[6],"anonymize":true},"connection_info":null,"next_id":null},{"id":10,"name":"Backdoor connue","description":"Qui a dit que les packages officiels \u00e9taient s\u00e9curis\u00e9s ?\r\n\r\nUn hacker a introduit une backdoor dans le serveur FTP.\r\n","max_attempts":0,"value":150,"category":"FTP","type":"standard","state":"visible","requirements":{"prerequisites":[6],"anonymize":true},"connection_info":null,"next_id":null},{"id":11,"name":"Connexion par cl\u00e9 priv\u00e9e","description":"Votre clef publique est autoris\u00e9e sur un autre des serveurs, \u00e0 vous de trouver lequel.","max_attempts":0,"value":75,"category":"Gestion des acc\u00e8s","type":"standard","state":"visible","requirements":{"prerequisites":[7],"anonymize":true},"connection_info":null,"next_id":null},{"id":12,"name":"Confidentiel - Partie 1","description":"Un fichier zip nomm\u00e9 `documents_confidentiels.zip` se trouve sur le serveur. A vous de le trouver.\r\n\r\n*Vous devez construire le flag vous-m\u00eame:\r\nFLAG{xxx} o\u00f9 xxx est le chemin du dossier du flag*\r\n","max_attempts":0,"value":50,"category":"Cracking","type":"standard","state":"visible","requirements":{"prerequisites":[11],"anonymize":true},"connection_info":null,"next_id":null},{"id":13,"name":"Confidentiel - Partie 2","description":"Il faut cracker le fichier zip prot\u00e9g\u00e9 par mot de passe.\r\n\r\n**Les op\u00e9rations de cracking lourdes (bruteforce) doivent \u00eatre effectu\u00e9es sur votre machine**\r\n\r\n**Merci de ne pas laisser le flag en clair sur le serveur !**","max_attempts":0,"value":100,"category":"Cracking","type":"standard","state":"visible","requirements":{"prerequisites":[12],"anonymize":true},"connection_info":null,"next_id":null},{"id":14,"name":"Password reuse?","description":"L\u2019administrateur de la machine 5 utilise le m\u00eame mot de passe pour tous ses comptes.\r\n\r\nConnectez vous en SSH.\r\n\r\nL\u2019administrateur s\u2019appelle Jacques.\r\n","max_attempts":0,"value":75,"category":"Gestion des acc\u00e8s","type":"standard","state":"visible","requirements":{"prerequisites":[8],"anonymize":true},"connection_info":null,"next_id":null},{"id":15,"name":"Python jail","description":"Echappez-vous de cette *sandbox* Python pour trouver le flag.","max_attempts":0,"value":200,"category":"Gestion des acc\u00e8s","type":"standard","state":"visible","requirements":{"prerequisites":[14],"anonymize":true},"connection_info":null,"next_id":null}],"meta":{}}