{"count":15,"results":[{"id":1,"challenge_id":1,"type":"static","content":"FLAG{f1rst_fl4g}","data":""},{"id":2,"challenge_id":2,"type":"static","content":"FLAG{5ec0nd_fl4g}","data":""},{"id":3,"challenge_id":5,"type":"static","content":"FLAG{r3m0t3_c0mm4nd}","data":""},{"id":4,"challenge_id":6,"type":"static","content":"FLAG{sh3ll_4cc355}","data":""},{"id":5,"challenge_id":7,"type":"static","content":"FLAG{r00t_fl4g}","data":""},{"id":6,"challenge_id":8,"type":"static","content":"FLAG{arisha55}","data":""},{"id":7,"challenge_id":14,"type":"static","content":"FLAG{55H_IS_USEFUL}","data":""},{"id":8,"challenge_id":11,"type":"static","content":"FLAG{publ1c_k3y}","data":""},{"id":9,"challenge_id":12,"type":"static","content":"FLAG{/root/.cache/}","data":""},{"id":10,"challenge_id":13,"type":"static","content":"FLAG{W3AK_Z1P_P455W0RD}","data":""},{"id":11,"challenge_id":3,"type":"static","content":"FLAG{sql_injection}","data":""},{"id":12,"challenge_id":9,"type":"static","content":"FLAG{an0nym0us_f1l3}","data":""},{"id":13,"challenge_id":10,"type":"static","content":"FLAG{vsftp_n0t_s4f3}","data":""},{"id":14,"challenge_id":12,"type":"static","content":"FLAG{/root/.cache}","data":""},{"id":15,"challenge_id":15,"type":"static","content":"FLAG{BR0KEN_PYTH0N}","data":""}],"meta":{}}