{"count":1,"results":[{"id":1,"title":"None","route":"index","content":"<div class=\"row\">\r\n    <div class=\"col-md-6 offset-md-3\">\r\n      \t<br>\r\n      \t<br>\r\n      \t<br>\r\n      \t<br>\r\n      \t<br>\r\n      \t<br>\r\n      \t<br>\r\n      \t<br>\r\n        <h4 class=\"text-center\">\r\n          Bienvenue au CTF SR2I, vous pouvez vous cr\u00e9er un compte puis aller dans la partie <a href=\"challenges\">challenges</a> pour trouver les challenges.\r\n        </h4>\r\n      \t<br>\r\n      \t<h4 class=\"text-center\">\r\n          Les challenges se r\u00e9solvent dans l'ordre et apparaissent en fonction de ceux que vous avez r\u00e9ussis avant.\r\n          Ceux qui portent le tag \"Bonus\" ne font pas partie du sc\u00e9nario principal et sont en g\u00e9n\u00e9ral un peu plus durs.\r\n        </h4> \r\n      \t<br>\r\n      \t<h5 class=\"text-center\">\r\n          Si vous faites le CTF depuis un r\u00e9seau en dehors de l'\u00e9cole, connectez vous au VPN.\r\n      \t</h5>\r\n    </div>\r\n</div>","draft":0,"hidden":0,"auth_required":0,"format":"markdown"}],"meta":{}}