{"count":70,"results":[{"id":14,"challenge_id":1,"user_id":1,"team_id":null},{"id":15,"challenge_id":2,"user_id":1,"team_id":null},{"id":16,"challenge_id":3,"user_id":1,"team_id":null},{"id":17,"challenge_id":5,"user_id":1,"team_id":null},{"id":18,"challenge_id":6,"user_id":1,"team_id":null},{"id":19,"challenge_id":7,"user_id":1,"team_id":null},{"id":20,"challenge_id":8,"user_id":1,"team_id":null},{"id":21,"challenge_id":9,"user_id":1,"team_id":null},{"id":22,"challenge_id":10,"user_id":1,"team_id":null},{"id":23,"challenge_id":11,"user_id":1,"team_id":null},{"id":24,"challenge_id":12,"user_id":1,"team_id":null},{"id":25,"challenge_id":13,"user_id":1,"team_id":null},{"id":26,"challenge_id":1,"user_id":2,"team_id":null},{"id":27,"challenge_id":2,"user_id":2,"team_id":null},{"id":28,"challenge_id":3,"user_id":2,"team_id":null},{"id":29,"challenge_id":5,"user_id":2,"team_id":null},{"id":30,"challenge_id":6,"user_id":2,"team_id":null},{"id":32,"challenge_id":10,"user_id":2,"team_id":null},{"id":33,"challenge_id":7,"user_id":2,"team_id":null},{"id":36,"challenge_id":8,"user_id":2,"team_id":null},{"id":38,"challenge_id":14,"user_id":2,"team_id":null},{"id":39,"challenge_id":15,"user_id":2,"team_id":null},{"id":40,"challenge_id":11,"user_id":2,"team_id":null},{"id":41,"challenge_id":12,"user_id":2,"team_id":null},{"id":42,"challenge_id":13,"user_id":2,"team_id":null},{"id":43,"challenge_id":9,"user_id":2,"team_id":null},{"id":47,"challenge_id":1,"user_id":5,"team_id":null},{"id":48,"challenge_id":2,"user_id":5,"team_id":null},{"id":49,"challenge_id":5,"user_id":5,"team_id":null},{"id":50,"challenge_id":6,"user_id":5,"team_id":null},{"id":51,"challenge_id":7,"user_id":5,"team_id":null},{"id":76,"challenge_id":1,"user_id":7,"team_id":null},{"id":78,"challenge_id":1,"user_id":6,"team_id":null},{"id":79,"challenge_id":8,"user_id":5,"team_id":null},{"id":81,"challenge_id":1,"user_id":8,"team_id":null},{"id":82,"challenge_id":2,"user_id":8,"team_id":null},{"id":83,"challenge_id":5,"user_id":8,"team_id":null},{"id":84,"challenge_id":6,"user_id":8,"team_id":null},{"id":85,"challenge_id":7,"user_id":8,"team_id":null},{"id":86,"challenge_id":8,"user_id":8,"team_id":null},{"id":87,"challenge_id":14,"user_id":8,"team_id":null},{"id":88,"challenge_id":15,"user_id":8,"team_id":null},{"id":89,"challenge_id":11,"user_id":8,"team_id":null},{"id":90,"challenge_id":12,"user_id":8,"team_id":null},{"id":92,"challenge_id":13,"user_id":8,"team_id":null},{"id":93,"challenge_id":9,"user_id":8,"team_id":null},{"id":94,"challenge_id":10,"user_id":8,"team_id":null},{"id":95,"challenge_id":3,"user_id":8,"team_id":null},{"id":96,"challenge_id":9,"user_id":5,"team_id":null},{"id":97,"challenge_id":14,"user_id":5,"team_id":null},{"id":98,"challenge_id":1,"user_id":9,"team_id":null},{"id":99,"challenge_id":1,"user_id":10,"team_id":null},{"id":100,"challenge_id":2,"user_id":9,"team_id":null},{"id":101,"challenge_id":5,"user_id":9,"team_id":null},{"id":102,"challenge_id":6,"user_id":9,"team_id":null},{"id":103,"challenge_id":2,"user_id":10,"team_id":null},{"id":104,"challenge_id":5,"user_id":10,"team_id":null},{"id":105,"challenge_id":7,"user_id":9,"team_id":null},{"id":106,"challenge_id":6,"user_id":10,"team_id":null},{"id":107,"challenge_id":3,"user_id":10,"team_id":null},{"id":108,"challenge_id":1,"user_id":11,"team_id":null},{"id":109,"challenge_id":2,"user_id":11,"team_id":null},{"id":110,"challenge_id":5,"user_id":11,"team_id":null},{"id":112,"challenge_id":6,"user_id":11,"team_id":null},{"id":113,"challenge_id":7,"user_id":11,"team_id":null},{"id":114,"challenge_id":2,"user_id":6,"team_id":null},{"id":115,"challenge_id":5,"user_id":6,"team_id":null},{"id":117,"challenge_id":6,"user_id":6,"team_id":null},{"id":119,"challenge_id":14,"user_id":1,"team_id":null},{"id":120,"challenge_id":15,"user_id":1,"team_id":null}],"meta":{}}