{"count":28,"results":[{"id":1,"challenge_id":1,"value":"Parcours principal"},{"id":2,"challenge_id":2,"value":"Parcours principal"},{"id":3,"challenge_id":15,"value":"Bonus"},{"id":4,"challenge_id":1,"value":"Machine 1"},{"id":5,"challenge_id":2,"value":"Machine 1"},{"id":6,"challenge_id":3,"value":"Bonus"},{"id":7,"challenge_id":3,"value":"Machine 2"},{"id":8,"challenge_id":5,"value":"Parcours principal"},{"id":9,"challenge_id":5,"value":"Machine 1"},{"id":10,"challenge_id":6,"value":"Parcours principal"},{"id":11,"challenge_id":6,"value":"Machine 1"},{"id":12,"challenge_id":7,"value":"Parcours principal"},{"id":13,"challenge_id":7,"value":"Machine 1"},{"id":14,"challenge_id":8,"value":"Parcours principal"},{"id":15,"challenge_id":8,"value":"Machine 1"},{"id":16,"challenge_id":9,"value":"Bonus"},{"id":17,"challenge_id":9,"value":"Machine 3"},{"id":18,"challenge_id":10,"value":"Bonus"},{"id":19,"challenge_id":10,"value":"Machine 3"},{"id":20,"challenge_id":11,"value":"Bonus"},{"id":21,"challenge_id":11,"value":"Machine 4"},{"id":22,"challenge_id":12,"value":"Bonus"},{"id":23,"challenge_id":12,"value":"Machine 4"},{"id":24,"challenge_id":13,"value":"Bonus"},{"id":25,"challenge_id":13,"value":"Machine 4"},{"id":26,"challenge_id":14,"value":"Parcours principal"},{"id":28,"challenge_id":14,"value":"Machine 5"},{"id":29,"challenge_id":15,"value":"Machine 5"}],"meta":{}}