{"count":10,"results":[{"id":1,"oauth_id":null,"name":"admin","password":"$bcrypt-sha256$v=2,t=2b,r=12$SpCdrnuKNqjrXppIqkty2e$hFj5o7.nzrDyMRMKiNzfwGZ8nT6pDs2","email":"admin@ctf.sr2i","type":"admin","secret":null,"website":null,"affiliation":null,"country":null,"bracket":null,"hidden":1,"banned":0,"verified":0,"team_id":null,"created":"2023-05-15T11:23:11.564317"},{"id":2,"oauth_id":null,"name":"victor","password":"$bcrypt-sha256$v=2,t=2b,r=12$zWU.wRPg6pwRI4AyQqDGee$K2stxPRYwCYEw4g7N3wuUp6sJAwC.ti","email":"tabaryvictor@gmail.com","type":"user","secret":null,"website":null,"affiliation":null,"country":null,"bracket":null,"hidden":0,"banned":0,"verified":0,"team_id":null,"created":"2023-05-16T15:56:18.564800"},{"id":3,"oauth_id":null,"name":"Rida","password":"$bcrypt-sha256$v=2,t=2b,r=12$vqOaLzlVCI1JnEbzmGX6T.$1Uy.9sIhAOUo4C2B5S14y21qkuiO0Xi","email":"rida.khatoun@telecom-paris.fr","type":"user","secret":null,"website":null,"affiliation":null,"country":null,"bracket":null,"hidden":0,"banned":0,"verified":0,"team_id":null,"created":"2023-05-17T07:16:37.365325"},{"id":5,"oauth_id":null,"name":"Await__0b1","password":"$bcrypt-sha256$v=2,t=2b,r=12$5ikDAGD/hRdtTvWBpQR1vO$uhGUjuP1qzgzR4qAiCRUUtVAACjKEZK","email":"hamza.zrfa@gmail.com","type":"user","secret":null,"website":null,"affiliation":null,"country":null,"bracket":null,"hidden":0,"banned":0,"verified":0,"team_id":null,"created":"2023-05-19T16:40:53.303752"},{"id":6,"oauth_id":null,"name":"yzard","password":"$bcrypt-sha256$v=2,t=2b,r=12$zKizDM3h002cdnpffazXYu$WyVrSrw/yn5SAakJCJANDuKBvnjXWEG","email":"yanis.slaoui@telecom-paris.fr","type":"user","secret":null,"website":null,"affiliation":null,"country":null,"bracket":null,"hidden":0,"banned":0,"verified":0,"team_id":null,"created":"2023-05-24T19:28:35.946467"},{"id":7,"oauth_id":null,"name":"rida2","password":"$bcrypt-sha256$v=2,t=2b,r=12$9Bgo0aqPJkI67Jk3JQiigu$zsKdtdB.bQa9duPEz2uddvh.f3Y7Msm","email":"rida.khatoun@telecom-paristech.fr","type":"user","secret":null,"website":null,"affiliation":null,"country":null,"bracket":null,"hidden":0,"banned":0,"verified":0,"team_id":null,"created":"2023-05-24T20:49:40.900497"},{"id":8,"oauth_id":null,"name":"unponeybleu","password":"$bcrypt-sha256$v=2,t=2b,r=12$vEsj9NcasHxdbLUpLIcHcO$87zMbmCwwJU.mEYK9ClJzyWGAn7e2tO","email":"poneybleuu@gmail.com","type":"user","secret":null,"website":null,"affiliation":null,"country":null,"bracket":null,"hidden":1,"banned":0,"verified":0,"team_id":null,"created":"2023-05-27T11:43:19.850797"},{"id":9,"oauth_id":null,"name":"Moi","password":"$bcrypt-sha256$v=2,t=2b,r=12$KevUjfzstHvP/X5CBQBrC.$sHObSAcw5gggXBhg3T.t36BXWcg9YiC","email":"moi@manvan.fr","type":"user","secret":null,"website":null,"affiliation":null,"country":null,"bracket":null,"hidden":0,"banned":0,"verified":0,"team_id":null,"created":"2023-05-30T10:58:33.040720"},{"id":10,"oauth_id":null,"name":"thomas","password":"$bcrypt-sha256$v=2,t=2b,r=12$l6QiHhJA0ueOz0VglqdJXO$PHNJjiZSUmV3/vkNmwqSdFBXIDW2Hl.","email":"tpujol@rezel.net","type":"user","secret":null,"website":null,"affiliation":null,"country":null,"bracket":null,"hidden":0,"banned":0,"verified":0,"team_id":null,"created":"2023-05-30T10:58:34.528330"},{"id":11,"oauth_id":null,"name":"Riven","password":"$bcrypt-sha256$v=2,t=2b,r=12$AlWmtO/Quqy0ktjFubhY7u$Qdd6VQR351ZByGV0U6lVzFUSzX6.dOK","email":"fakemail@mail.fr","type":"user","secret":null,"website":null,"affiliation":null,"country":null,"bracket":null,"hidden":0,"banned":0,"verified":0,"team_id":null,"created":"2023-05-30T11:21:50.029494"}],"meta":{}}